{
	"total": 200,
	"page": 15,
	"rows": [
		{
			"id": 1,
			"name": "辣椒酱",
			"age": 22,
			"status": 1,
			"gender": 1
		}, {
			"id": 2,
			"name": "酸梅酱",
			"age": 22,
			"status": 0,
			"gender": 0
		}, {
			"id": 3,
			"name": "沙茶酱",
			"age": 22,
			"status": 1,
			"gender": 0
		}, {
			"id": 4,
			"name": "苹果酱",
			"age": 22,
			"status": 1,
			"gender": 3
		}, {
			"id": 5,
			"name": "草莓酱",
			"age": 22,
			"status": 1,
			"gender": 3
		}, {
			"id": 6,
			"name": "蓝莓酱",
			"age": 22,
			"status": 1,
			"gender": 3
		}, {
			"id": 7,
			"name": "花生酱",
			"age": 22,
			"status": 1,
			"gender": 3
		}, {
			"id": 8,
			"name": "黄豆酱",
			"age": 22,
			"status": 1,
			"gender": 3
		}, {
			"id": 11,
			"name": "飞机酱",
			"age": 22,
			"status": 1,
			"gender": 3
		}, {
			"id": 12,
			"name": "牛肉酱",
			"age": 22,
			"status": 1,
			"gender": 3
		}, {
			"id": 13,
			"name": "番茄酱",
			"age": 22,
			"status": 1,
			"gender": 3
		}, {
			"id": 14,
			"name": "那啥酱",
			"age": 22,
			"status": 1,
			"gender": 3
		}
	]
}